roll_id,paper_type,weight,warehouse,location
SW714J1722237,80OPSMATCVR18,1170,WH1,10
SW714J1722246,80OPSMATCVR18,1166,WH1,10
SW714J1722109,80OPSMATCVR18,1172,WH1,10
SW714J1722100,80OPSMATCVR18,1160,WH1,10
SW714J1722128,80OPSMATCVR18,1172,WH1,10
SW714J1722146,80OPSMATCVR18,1162,WH1,10
SW714J1722118,80OPSMATCVR18,1170,WH1,10
SW714J1722137,80OPSMATCVR18,1166,WH1,10
SW714J1722218,80OPSMATCVR18,1172,WH1,10
SW714J1722228,80OPSMATCVR18,1176,WH1,10
SW714J1722209,80OPSMATCVR18,1174,WH1,10
W15M23022L,50PHXOFF15FSC,1685,WH1,10
W15M23034F,50PHXOFF15FSC,1706,WH1,10
W15M22101F,50PHXOFF15FSC,1704,WH1,10
W15M22213L,50PHXOFF15FSC,1684,WH1,10
W15M22212E,50PHXOFF15FSC,1691,WH1,10
W15M22214F,50PHXOFF15FSC,1695,WH1,10
W15M22214L,50PHXOFF15FSC,1695,WH1,10
W15M23021E,50PHXOFF15FSC,1690,WH1,10
W15M23021Z,50PHXOFF15FSC,1684,WH1,10
W15M22213E,50PHXOFF15FSC,1690,WH1,10
W15M22211Z,50PHXOFF15FSC,1684,WH1,10
W15C05031D,50PHXOFF15FSC,1703,WH1,10
DTJ15J2903234,50LYNXSM28.50MF,1662,WH1,10
DTJ15J2910299,50LYNXSM28.50MF,1655,WH1,10
SW715M1903339,105SOMMAT38,2447,WH1,10
SW715M1903300,105SOMMAT38,2451,WH1,10
DTJ15J2903100,50LYNXSM28.50MF,1658,WH1,10
DTJ15J2904318,50LYNXSM28.50MF,1660,WH1,10
DTJ15J2910265,50LYNXSM28.50MF,1656,WH1,10
DTJ15J2903134,50LYNXSM28.50MF,1657,WH1,10
DTJ15J2910334,50LYNXSM28.50MF,1656,WH1,10
SW715M1903319,105SOMMAT38,2463,WH1,10
W15J18203D,50PHXOFF21FSC6C,2366,WH1,10
SW396A2024125,68SOMGLCVRSFI18,1319,WH1,10
SW396A2024131,68SOMGLCVRSFI18,1315,WH1,10
SW396A2112401,68SOMGLCVRSFI18,1314,WH1,10
SW396A2112461,68SOMGLCVRSFI18,1300,WH1,10
SW396A2113219,68SOMGLCVRSFI18,1365,WH1,10
SW396A2113301,68SOMGLCVRSFI18,1302,WH1,10
SW396A2113201,68SOMGLCVRSFI18,1307,WH1,10
SW316B1815400,68SOMGLCVRSFI18,1284,WH1,10
SW316B1815213,68SOMGLCVRSFI18,1308,WH1,10
SW396A2113213,68SOMGLCVRSFI18,1315,WH1,10
SW396A2113313,68SOMGLCVRSFI18,1315,WH1,10
SW396A2113319,68SOMGLCVRSFI18,1319,WH1,10
SW396A2025313,68SOMGLCVRSFI18,1296,WH1,10
SW396A2026175,68SOMGLCVRSFI18,1301,WH1,10
SW396A2101561,68SOMGLCVRSFI18,1300,WH1,10
SW396A2101519,68SOMGLCVRSFI18,1313,WH1,10
SW396A2026187,68SOMGLCVRSFI18,1252,WH1,10
SW396A2113361,68SOMGLCVRSFI18,1302,WH1,10
SW316B1815413,68SOMGLCVRSFI18,1306,WH1,10
SW316B1815306,68SOMGLCVRSFI18,1296,WH1,10
SW316B1815319,68SOMGLCVRSFI18,1316,WH1,10
SW316B1815300,68SOMGLCVRSFI18,1290,WH1,10
SW316B1815419,68SOMGLCVRSFI18,1310,WH1,10
SW316B1815506,68SOMGLCVRSFI18,1292,WH1,10
SW316B1815500,68SOMGLCVRSFI18,1288,WH1,10
SW316B1815513,68SOMGLCVRSFI18,1308,WH1,10
SW396A2113261,68SOMGLCVRSFI18,1166,WH1,10
24356060016,60PPLUS35,1781,WH1,10
24356060019,60PPLUS35,1781,WH1,10
24356060017,60PPLUS35,1781,WH1,10
24056050010,50PPLUS35,1778,WH1,10
24056090030,50PPLUS35,1780,WH1,10
7F6B22212B,50PENFSC23,2644,WH1,10
7F6B22212A,50PENFSC23,2644,WH1,10
7F6B22211K,50PENFSC23,2640,WH1,10
7F6B22201G,50PENFSC23,2642,WH1,10
7F6B22203D,50PENFSC23,2650,WH1,10
7F6B22203K,50PENFSC23,2640,WH1,10
7F6B22201B,50PENFSC23,2660,WH1,10
7F6B22202H,50PENFSC23,2644,WH1,10
7F6B22203G,50PENFSC23,2648,WH1,10
7F6B22211B,50PENFSC23,2636,WH1,10
7F6B22211D,50PENFSC23,2642,WH1,10
7F6B22211G,50PENFSC23,2642,WH1,10
7F6B22202K,50PENFSC23,2640,WH1,10
7F6B22202E,50PENFSC23,2640,WH1,10
7F6B22201Z,50PENFSC23,2634,WH1,10
7F6B22201D,50PENFSC23,2638,WH1,10
7F6B22241D,50PENFSC23,2781,WH1,10
7F6B22241A,50PENFSC23,2795,WH1,10
7F6B22241H,50PENFSC23,2785,WH1,10
7F6B23024D,50PENFSC23,2769,WH1,10
7F6B23022D,50PENFSC23,2813,WH1,10
7F6B23053B,50PENFSC23,2851,WH1,10
7F6B23024E,50PENFSC23,2775,WH1,10
7F6B23024A,50PENFSC23,2775,WH1,10
SW316A2110518,68SOMGLCFSC25.5,1868,WH1,09
SW316A2102248,68SOMGLCFSC25.5,1854,WH1,09
SW316A2026140,68SOMGLCFSC25.5,1854,WH1,09
SW316A2109127,68SOMGLCFSC25.5,1854,WH1,09
SW316A2109281,68SOMGLCFSC25.5,1850,WH1,09
SW316A2104127,68SOMGLCFSC25.5,1912,WH1,09
SW316A2104268,68SOMGLCFSC25.5,1910,WH1,09
SW316A2110327,68SOMGLCFSC25.5,1858,WH1,09
SW316A2025340,68SOMGLCFSC25.5,1860,WH1,09
SW316A2025440,68SOMGLCFSC25.5,1856,WH1,09
SW316A2105268,68SOMGLCFSC25.5,1842,WH1,09
SW316A2105177,68SOMGLCFSC25.5,1830,WH1,09
SW316A2105318,68SOMGLCFSC25.5,1852,WH1,09
SW316A2105127,68SOMGLCFSC25.5,1846,WH1,09
SW316A2105418,68SOMGLCFSC25.5,1856,WH1,09
SW316A2105477,68SOMGLCFSC25.5,1836,WH1,09
SW316A2025240,68SOMGLCFSC25.5,1858,WH1,09
SW316A2025540,68SOMGLCFSC25.5,1866,WH1,09
SW316A2111581,68SOMGLCFSC25.5,1858,WH1,09
SW316A2111499,68SOMGLCFSC25.5,1858,WH1,09
SW316A2112431,68SOMGLCFSC25.5,1854,WH1,09
SW316A2113240,68SOMGLCFSC25.5,1866,WH1,09
SW316A2115136,68SOMGLCFSC25.5,1848,WH1,09
SW316A2115324,68SOMGLCFSC25.5,1864,WH1,09
SW316A2114352,68SOMGLCFSC25.5,1865,WH1,09
SW316A2114270,68SOMGLCFSC25.5,1860,WH1,09
SW316A2113431,68SOMGLCFSC25.5,1866,WH1,09
SW316A2114370,68SOMGLCFSC25.5,1862,WH1,09
SW316A2115224,68SOMGLCFSC25.5,1860,WH1,09
SW316A2115118,68SOMGLCFSC25.5,1852,WH1,09
SW316A2111427,68SOMGLCFSC25.5,1860,WH1,09
SW316A2111599,68SOMGLCFSC25.5,1852,WH1,09
SW316A2114572,68SOMGLCFSC25.5,1864,WH1,09
SW316A2114527,68SOMGLCFSC25.5,1868,WH1,09
SW316A2115109,68SOMGLCFSC25.5,1834,WH1,09
SW316A2109227,68SOMGLCFSC25.5,1858,WH1,09
SW316A2114252,68SOMGLCFSC25.5,1868,WH1,09
SW316A2113249,68SOMGLCFSC25.5,1870,WH1,09
SW316A2113340,68SOMGLCFSC25.5,1862,WH1,09
SW316A2115424,68SOMGLCFSC25.5,1868,WH1,09
SW316A2108268,68SOMGLCFSC25.5,1856,WH1,09
Q10R19181G,50INFMAT35,2775,WH1,09
3F8K14142D,50INFMAT35,2846,WH1,09
3F8K14142G,50INFMAT35,2851,WH1,09
3F8K15021Z,50INFMAT35,2687,WH1,09
Q10R19182G,50INFMAT35,2778,WH1,09
3F8K14142F,50INFMAT35,2852,WH1,09
7F5L11102Z,70PENFSCOFF35,2060,WH1,09
Q10T12222A,50INFMAT35,2761,WH1,09
Q10R19183G,50INFMAT35,2704,WH1,09
Q10R19173G,50INFMAT35,2767,WH1,09
3F8K14143G,50INFMAT35,2829,WH1,09
Q10T12202A,50INFMAT35,2739,WH1,09
7F5L11052N,70PENFSCOFF35,2220,WH1,09
7F5J09121A,70PENFSCOFF35,2138,WH1,09
7F5J09161D,70PENFSCOFF35,2043,WH1,09
7F5J09123Z,70PENFSCOFF35,2116,WH1,09
7F5L11052Z,70PENFSCOFF35,2212,WH1,09
7F5J09161A,70PENFSCOFF35,2041,WH1,09
7F5J09132A,70PENFSCOFF35,2154,WH1,09
7F5L11083Z,70PENFSCOFF35,2130,WH1,09
7F5J09222Z,70PENFSCOFF35,2166,WH1,09
362144,70PENFSCOFF35,2057,WH1,09
7F5L11053N,70PENFSCOFF35,2226,WH1,09
7F5L11084N,70PENFSCOFF35,2224,WH1,09
7F5L11084Z,70PENFSCOFF35,2218,WH1,09
7F5L11051Z,70PENFSCOFF35,2224,WH1,09
7F5J09133A,70PENFSCOFF35,2190,WH1,09
7F5J09203Z,70PENFSCOFF35,2055,WH1,09
7F5J09093Z,70PENFSCOFF35,2025,WH1,09
7F5L11051N,70PENFSCOFF35,2236,WH1,09
SW336C0531139,60SOMRECMAT32.5,2557,WH1,09
SW336C0603322,60SOMRECMAT32.5,2587,WH1,09
SW336C0529311,60SOMRECMAT32.5,2570,WH1,09
SW336C0602342,60SOMRECMAT32.5,2565,WH1,09
SW336C0602311,60SOMRECMAT32.5,2571,WH1,09
7F5J09132Z,70PENFSCOFF35,2154,WH1,09
SW336C0604111,60SOMRECMAT32.5,2552,WH1,09
W15J18181D,50PHXOFF21FSC6C,2330,WH1,08
W15J18163D,50PHXOFF21FSC6C,2370,WH1,08
W15J18184D,50PHXOFF21FSC6C,2394,WH1,08
W15J18091D,50PHXOFF21FSC6C,2348,WH1,08
W15J18042D,50PHXOFF21FSC6C,2344,WH1,08
W15J18031D,50PHXOFF21FSC6C,2298,WH1,08
W15J18053D,50PHXOFF21FSC6C,2363,WH1,08
W15J18104D,50PHXOFF21FSC6C,2353,WH1,08
W15J18173D,50PHXOFF21FSC6C,2395,WH1,08
W15J18093D,50PHXOFF21FSC6C,2357,WH1,08
W15J18033D,50PHXOFF21FSC6C,2355,WH1,08
SW715B2611359,80OPSMATCR23FSC,1494,WH1,08
SW715B2611400,80OPSMATCR23FSC,1420,WH1,08
SW715B2609312,80OPSMATCR23FSC,1470,WH1,08
SW715B2611447,80OPSMATCR23FSC,1414,WH1,08
SW715B2609247,80OPSMATCR23FSC,1456,WH1,08
SW715B2609259,80OPSMATCR23FSC,1460,WH1,08
SW715B2611435,80OPSMATCR23FSC,1424,WH1,08
SW336B2205334,70SOMMAT26.50,2041,WH1,08
SW335M2503269,70SOMMAT26.50,2042,WH1,08
SW335M2501159,70SOMMAT26.50,2040,WH1,08
SW335M2502359,70SOMMAT26.50,2049,WH1,08
SW336B2205378,70SOMMAT26.50,2024,WH1,08
SW336B2205269,70SOMMAT26.50,2027,WH1,08
SW336B2205309,70SOMMAT26.50,2029,WH1,08
SW335M2501259,70SOMMAT26.50,2052,WH1,08
SW335M2501369,70SOMMAT26.50,2046,WH1,08
SW716C0104439,80OPMATCVRFSC38,2501,WH1,08
SW716C0104319,80OPMATCVRFSC38,2495,WH1,08
SW716C0104419,80OPMATCVRFSC38,2475,WH1,08
SW716C0104458,80OPMATCVRFSC38,2509,WH1,08
SW716C0104400,80OPMATCVRFSC38,2509,WH1,08
SW336C0821399,80SOMGL22SFI,1778,WH1,08
SW336C0821199,80SOMGL22SFI,1845,WH1,08
SW336C0825200,80SOMGL22SFI,1853,WH1,08
SW336C0821300,80SOMGL22SFI,1781,WH1,08
SW336C0821100,80SOMGL22SFI,1856,WH1,08
SW716C0104358,80OPMATCVRFSC38,2501,WH1,08
SW716C0104499,80OPMATCVRFSC38,2513,WH1,08
SW336C0825100,80SOMGL22SFI,1854,WH1,08
SW336C0825299,80SOMGL22SFI,1860,WH1,08
SW336C0825399,80SOMGL22SFI,1761,WH1,08
SW336C0825199,80SOMGL22SFI,1860,WH1,08
SW336C0825300,80SOMGL22SFI,1761,WH1,08
SW336C0821299,80SOMGL22SFI,1860,WH1,08
SW336C0821200,80SOMGL22SFI,1866,WH1,08
U6573 A     0023,40ROSOFF30,1716,WH1,08
U6573 A     0016,40ROSOFF30,1702,WH1,08
U6573 A     0019,40ROSOFF30,1705,WH1,08
U6573 A     0022,40ROSOFF30,1703,WH1,08
U6573 A     0015,40ROSOFF30,1706,WH1,08
U6573 A     0025,40ROSOFF30,1692,WH1,08
SW334K1807200,70SOMMAT26.50,2041,WH1,08
7REF09111C,61437,3141,WH1,08
7REF10062B,61437,3175,WH1,08
1913099,80SUSOPTX35,2092,WH1,08
U6573 A     0017,40ROSOFF30,1700,WH1,08
U6573 A     0021,40ROSOFF30,1715,WH1,08
SW335M0718100,80OPSDLL26.5,2091,WH1,08
SW335M0716209,80OPSDLL26.5,2105,WH1,08
SW335M0716309,80OPSDLL26.5,2110,WH1,08
SW335M0718109,80OPSDLL26.5,2101,WH1,08
SW335M0718299,80OPSDLL26.5,2106,WH1,08
SW335M0720109,80OPSDLL26.5,2092,WH1,08
SW335M0718399,80OPSDLL26.5,2114,WH1,08
SW335M0720299,80OPSDLL26.5,2095,WH1,08
SW335M0716331,80OPSDLL26.5,2095,WH1,08
SW335M0718199,80OPSDLL26.5,2096,WH1,08
SW335M0716399,80OPSDLL26.5,2113,WH1,08
SW335M0718131,80OPSDLL26.5,2093,WH1,08
SW335M0716300,80OPSDLL26.5,2099,WH1,08
SW335M0720100,80OPSDLL26.5,2084,WH1,08
SW335M0716231,80OPSDLL26.5,2092,WH1,08
SW335M0716100,80OPSDLL26.5,2091,WH1,08
SW335M0716299,80OPSDLL26.5,2102,WH1,08
SW335M0716131,80OPSDLL26.5,2089,WH1,08
25834070010,60PPLUS18,914,WH1,08
25834070009,60PPLUS18,914,WH1,08
258340180026,60PPOFF18,914,WH1,08
258340180025,60PPOFF18,917,WH1,08
258340180036,60PPOFF18,914,WH1,08
258340180035,60PPOFF18,914,WH1,08
258340180023,60PPOFF18,914,WH1,08
258340180024,60PPOFF18,914,WH1,08
258340180021,60PPOFF18,914,WH1,08
258340180022,60PPOFF18,914,WH1,08
258340180031,60PPOFF18,914,WH1,08
258340180032,60PPOFF18,914,WH1,08
258340180029,60PPOFF18,914,WH1,08
258340180030,60PPOFF18,914,WH1,08
258340180017,60PPOFF18,917,WH1,08
258340180018,60PPOFF18,917,WH1,08
SW395M2526221,80SOMSAT18FSC,1454,WH1,07
SW395M2525244,80SOMSAT18FSC,1450,WH1,07
SW395M2525231,80SOMSAT18FSC,1441,WH1,07
SW395M2525225,80SOMSAT18FSC,1454,WH1,07
SW395M2525238,80SOMSAT18FSC,1451,WH1,07
SW395M2523168,80SOMSAT18FSC,1448,WH1,07
SW395M2521162,80SOMSAT18FSC,1439,WH1,07
SW395M2521355,80SOMSAT18FSC,1449,WH1,07
SW395M2527144,80SOMSAT18FSC,1417,WH1,07
SW395M253162,80SOMSAT18FSC,1446,WH1,07
SW395M2521149,80SOMSAT18FSC,1438,WH1,07
SW395M2526172,80SOMSAT18FSC,1447,WH1,07
SW395M2526178,80SOMSAT18FSC,1450,WH1,07
SW395M2527131,80SOMSAT18FSC,1440,WH1,07
SW395M2526259,80SOMSAT18FSC,1459,WH1,07
SW395M2521349,80SOMSAT18FSC,1446,WH1,07
SW395M2527125,80SOMSAT18FSC,1440,WH1,07
SW395M2521362,80SOMSAT18FSC,1449,WH1,07
SW395M2521368,80SOMSAT18FSC,1451,WH1,07
SW395M2521155,80SOMSAT18FSC,1435,WH1,07
SW395M2527138,80SOMSAT18FSC,1436,WH1,07
SW395M2521168,80SOMSAT18FSC,1437,WH1,07
SW395M2526278,80SOMSAT18FSC,1452,WH1,07
SW395M2526265,80SOMSAT18FSC,1450,WH1,07
SW395M2526272,80SOMSAT18FSC,1448,WH1,07
SW395M2526159,80SOMSAT18FSC,1448,WH1,07
SW395M2526165,80SOMSAT18FSC,1447,WH1,07
SW395M2526240,80SOMSAT18FSC,1457,WH1,07
SW395M2526227,80SOMSAT18FSC,1453,WH1,07
SW395M2526234,80SOMSAT18FSC,1450,WH1,07
SW395M2526372,80SOMSAT18FSC,1409,WH1,07
SW395M2526365,80SOMSAT18FSC,1402,WH1,07
SW395M2523149,80SOMSAT18FSC,1439,WH1,07
SW395M2523155,80SOMSAT18FSC,1448,WH1,07
SW395M2526334,80SOMSAT18FSC,1403,WH1,07
SW395M2526327,80SOMSAT18FSC,1398,WH1,07
SW395M2526321,80SOMSAT18FSC,1399,WH1,07
SW395M2526340,80SOMSAT18FSC,1400,WH1,07
SW395M2526127,80SOMSAT18FSC,1445,WH1,07
SW395M2526140,80SOMSAT18FSC,1453,WH1,07
SW395M2525338,80SOMSAT18FSC,1451,WH1,07
SW395M2525331,80SOMSAT18FSC,1445,WH1,07
SW395M2521268,80SOMSAT18FSC,1444,WH1,07
SW395M2521255,80SOMSAT18FSC,1442,WH1,07
SW395M2526359,80SOMSAT18FSC,1403,WH1,07
SW395M2526378,80SOMSAT18FSC,1402,WH1,07
SW395M2525325,80SOMSAT18FSC,1450,WH1,07
SW395M2525344,80SOMSAT18FSC,1450,WH1,07
SW395M2525125,80SOMSAT18FSC,1446,WH1,07
SW395M2525144,80SOMSAT18FSC,1452,WH1,07
SW395M2525131,80SOMSAT18FSC,1452,WH1,07
SW395M2523249,80SOMSAT18FSC,1453,WH1,07
SW395M2523268,80SOMSAT18FSC,1450,WH1,07
SW395J2507240,80SOMSAT18FSC,1458,WH1,07
SW395J2507340,80SOMSAT18FSC,1456,WH1,07
SW395M1005343,80SOMSAT18FSC,1438,WH1,07
SW395M2526134,80SOMSAT18FSC,1451,WH1,07
SW395M2526121,80SOMSAT18FSC,1452,WH1,07
SW395M2521262,80SOMSAT18FSC,1441,WH1,07
SW395M2521249,80SOMSAT18FSC,1445,WH1,07
SW395M252325Z,80SOMSAT18FSC,1429,WH1,07
SW395M2523262,80SOMSAT18FSC,1452,WH1,07
SW395M2525138,80SOMSAT18FSC,1448,WH1,07
SW39/DJ2507234,80SOMSAT18FSC,1450,WH1,07
SW395M1005111,80SOMSAT18FSC,1422,WH1,07
SW395M1005117,80SOMSAT18FSC,1424,WH1,07
7S5H09021B,60ORIONGL35PB,3131,WH1,07
7R5H09021C,60ORIONGL35PB,3171,WH1,07
7W5H31152C,FSC70ORMAT35.5,2577,WH1,07
7W5H31133C,FSC70ORMAT35.5,2573,WH1,07
SW334K1225211,62SOMSAT23,1957,WH1,07
SW334K1229399,62SOMSAT23,1895,WH1,07
SW334K1233100,62SOMSAT23,1903,WH1,07
SW334K1229199,62SOMSAT23,1935,WH1,07
SW334K1226211,62SOMSAT23,1935,WH1,07
SW394G0728301,62SOMSAT23,1799,WH1,07
SW334K1227100,62SOMSAT23,1927,WH1,07
SW334K1225111,62SOMSAT23,1939,WH1,07
SW334K1229311,62SOMSAT23,1898,WH1,07
SW335M0719300,80OPSDLL28,2225,WH1,07
SW335M0719349,80OPSDLL28,2254,WH1,07
SW335M0718176,80OPSDLL28,2223,WH1,07
SW334K1226399,62SOMSAT23,1927,WH1,07
SW334K1230300,62SOMSAT23,1933,WH1,07
SW334K1230200,62SOMSAT23,1932,WH1,07
SW334K1225299,62SOMSAT23,1955,WH1,07
SW335M0718258,80OPSDLL28,2219,WH1,07
SW335M0718219,80OPSDLL28,2220,WH1,07
SW335M0716276,80OPSDLL28,2227,WH1,07
SW335M0718238,80OPSDLL28,2227,WH1,07
SW335M0718153,80OPSDLL28,2212,WH1,07
SW335M0716376,80OPSDLL28,2237,WH1,07
SW335M0720228,80OPSDLL28,2200,WH1,07
SW335M0718338,80OPSDLL28,2227,WH1,07
SW335M0716353,80OPSDLL28,2219,WH1,07
SW335M0719329,80OPSDLL28,2249,WH1,07
SW335M0718278,80OPSDLL28,2230,WH1,07
SW335M0719310,80OPSDLL28,2270,WH1,07
SW335M0720338,80OPSDLL28,2222,WH1,07
7F6C02252C,50PENFSC23,2736,WH1,07
7F6C02251C,50PENFSC23,2698,WH1,07
7F6C02124C,50PENFSC23,2864,WH1,07
7F6C02234H,50PENFSC23,2737,WH1,07
7F6C02074B,50PENFSC23,2803,WH1,07
7F6C02253C,50PENFSC23,2716,WH1,07
7F6C02131C,50PENFSC23,2856,WH1,07
7F6C02073C,50PENFSC23,2835,WH1,07
7F6C02072C,50PENFSC23,2807,WH1,07
7F6C02121B,50PENFSC23,2783,WH1,07
7F6C02123C,50PENFSC23,2795,WH1,07
SW714L0721400,80SOMMATCVR35.5,2386,WH1,06
SW714L0721300,80SOMMATCVR35.5,2326,WH1,06
SW714L0715300,80SOMMATCVR35.5,2298,WH1,06
SW714L0715100,80SOMMATCVR35.5,2264,WH1,06
SW714L0715200,80SOMMATCVR35.5,2250,WH1,06
SW714L0715400,80SOMMATCVR35.5,2296,WH1,06
SW714L0723300,80SOMMATCVR35.5,2316,WH1,06
SW714L0723200,80SOMMATCVR35.5,2302,WH1,06
7W6C18152F,70ORIONMTFSC23,3292,WH1,06
7W6C18111Z,70ORIONMTFSC23,3338,WH1,06
7W6C18153E,70ORIONMTFSC23,3449,WH1,06
7W6C18112Z,70ORIONMTFSC23,3359,WH1,06
7W6C18163F,70ORIONMTFSC23,3326,WH1,06
7W6C18182Z,70ORIONMTFSC23,3444,WH1,06
7W6C18161F,70ORIONMTFSC23,3398,WH1,06
7W6C18201E,70ORIONMTFSC23,3395,WH1,06
7W6C18101C,70ORIONMTFSC23,3312,WH1,06
7W6C18181Z,70ORIONMTFSC23,3431,WH1,06
7W6C18162F,70ORIONMTFSC23,3258,WH1,06
7W6C18062C,70ORIONMTFSC23,3423,WH1,06
7W6C18061Z,70ORIONMTFSC23,3416,WH1,06
7W6C18041E,70ORIONMTFSC23,3293,WH1,06
7W6C18202E,70ORIONMTFSC23,3456,WH1,06
7W6C18032F,70ORIONMTFSC23,3459,WH1,06
7W6C18033F,70ORIONMTFSC23,3212,WH1,06
7W6C18132B,70ORIONMTFSC23,3423,WH1,06
7W6C18133Z,70ORIONMTFSC23,3363,WH1,06
7W6C18131A,70ORIONMTFSC23,3419,WH1,06
7W6C18063Z,70ORIONMTFSC23,3407,WH1,06
7W6C18043E,70ORIONMTFSC23,3485,WH1,06
7W6C18042F,70ORIONMTFSC23,3489,WH1,06
7W6C18151F,70ORIONMTFSC23,3512,WH1,06
7W6B15042B,70ORIONMTFSC23,3467,WH1,06
7W6B15052D,70ORIONMTFSC23,3422,WH1,06
7W6B15043B,70ORIONMTFSC23,3476,WH1,06
SW316C1003360,68SOMGLCFSC38,2721,WH1,05
SW316C1003200,68SOMGLCFSC38,2671,WH1,05
SW316C1003247,68SOMGLCFSC38,2715,WH1,05
SW316C1003471,68SOMGLCFSC38,2695,WH1,05
SW316C1003533,68SOMGLCFSC38,2731,WH1,05
SW316C1003571,68SOMGLCFSC38,2705,WH1,05
SW316C1003500,68SOMGLCFSC38,2695,WH1,05
SW316C1003313,68SOMGLCFSC38,2731,WH1,05
1729582,40RLLFSC34,2141,WH1,05
1729694,40RLLFSC34,2151,WH1,05
DWW78G1428430,60EAROPQ31,1856,WH1,05
DWW78G1428420,60EAROPQ31,1858,WH1,05
DWW78G1428410,60EAROPQ31,1858,WH1,05
DWW78K0275251,58609,1841,WH1,05
256572,105OPSMAT35.50,2263,WH1,05
SW391F2203347,80OPSSATXT17,1379,WH1,05
SW331D0527100,C60252,1366,WH1,05
J17371C,70MCOFF23.50,2887,WH1,05
J17342B,70MCOFF23.50,2888,WH1,05
SW334M2505236,60SOMMAT23,1780,WH1,05
SW334M2505100,60SOMMAT23,1768,WH1,05
SW334M2504336,60SOMMAT23,1783,WH1,05
256575,105OPSMAT35.50,2257,WH1,05
7ROJ28012C,65ORIONGL34.50,2823,WH1,05
7ROJ28012B,65ORIONGL34.50,2819,WH1,05
M998 C 0003,80ROMATT35,2313,WH1,05
7W3L10083B,100ORIONMAT33.5,2383,WH1,05
E14J14112D,50WILL24.5FSC,1475,WH1,05
SW331G0717200,60OPSATXT33,2735,WH1,05
SW712M3139232,105SOM16.50,1022,WH1,05
SW712M3139132,105SOM16.50,1018,WH1,05
SW712M3139432,105SOM16.50,1022,WH1,05
7W6A05141A,60ORIONMATFSC36,2678,WH1,05
SW715K1521100,87OPSGLCVR20,1524,WH1,05
SW715K1505341,87OPSGLCVR20,1524,WH1,05
SW715K1505351,87OPSGLCVR20,1518,WH1,05
7W6A05141C,60ORIONMATFSC36,2690,WH1,05
SW715F1427100,OPSGLCVFSC26.5,2071,WH1,05
SW714J1039437,80SOMMATCVR36,2384,WH1,05
SW714J1926400,80SOMMATCVR36,2340,WH1,05
SW714J1926460,80SOMMATCVR36,2342,WH1,05
SW714J1926499,80SOMMATCVR36,2334,WH1,05
7W6B12153Z,FSC80ORMATCV38,2553,WH1,04
7+W6+B12123+Z,FSC80ORMATCV38,2407,WH1,04
7W6B11392Z,FSC80ORMATCV38,2486,WH1,04
7W6B11393Z,FSC80ORMATCV38,2528,WH1,04
7W6B11391Z,FSC80ORMATCV38,2495,WH1,04
7W6B12073Z,FSC80ORMATCV38,2548,WH1,04
7W6B12201Z,FSC80ORMATCV38,2467,WH1,04
7W6B12202Z,FSC80ORMATCV38,2481,WH1,04
7W6+D12072+Z,FSC80ORMATCV38,2522,WH1,04
7W6B12203Z,FSC80ORMATCV38,2557,WH1,04
7W6B12071Z,FSC80ORMATCV38,2523,WH1,04
7W6B12143Z,FSC80ORMATCV38,2516,WH1,04
7W6B12142Z,FSC80ORMATCV38,2476,WH1,04
7W6B12141Z,FSC80ORMATCV38,2448,WH1,04
736812122+Z,FSC80ORMATCV38,2377,WH1,04
7W6B11362Z,FSC80ORMATCV38,2447,WH1,04
7W6B11363Z,FSC80ORMATCV38,2494,WH1,04
7W6B12052Z,FSC80ORMATCV38,2499,WH1,04
7W6B12021Z,FSC80ORMATCV38,2438,WH1,04
7W6B12022Z,FSC80ORMATCV38,2467,WH1,04
7W6B11361Z,FSC80ORMATCV38,2443,WH1,04
7W6B12083Z,FSC80ORMATCV38,2531,WH1,04
7W6B11403Z,FSC80ORMATCV38,2477,WH1,04
7W6B12081Z,FSC80ORMATCV38,2439,WH1,04
7W6B11402Z,FSC80ORMATCV38,2482,WH1,04
7W6B12051Z,FSC80ORMATCV38,2494,WH1,04
7W6B12082Z,FSC80ORMATCV38,2525,WH1,04
7W6B12053Z,FSC80ORMATCV38,2513,WH1,04
7W6B12112Z,FSC80ORMATCV38,2491,WH1,04
7W6B12113Z,FSC80ORMATCV38,2514,WH1,04
7W6B12121Z,FSC80ORMATCV38,2555,WH1,04
SW336B2114299,100SOMSAT23,1822,WH1,04
SW336B2114282,100SOMSAT23,1816,WH1,04
SW336B2114108,100SOMSAT23,1802,WH1,04
834602,65RLLENV24.75,1487,WH1,04
834628,65RLLENV24.75,1481,WH1,04
J353J06282X,35HB7037.50,1864,WH1,04
J353G11114B,35HB7037.50,1877,WH1,04
J353J06283Z,35HB7037.50,1871,WH1,04
J353J06292A,35HB7037.50,1846,WH1,04
7W3E26151B,65ORION38,1000,WH1,04
7W3E25172C,65ORION38,2609,WH1,04
7W3E25173B,65ORION38,2567,WH1,04
7W3D26152A,65ORION38,2581,WH1,04
1913210,80SUSOPTX35,2138,WH1,04
1913216,80SUSOPTX35,2134,WH1,04
1913114,80SUSOPTX35,2102,WH1,04
E15F09092R,60ATTWILL18,2274,WH1,04
E25F14234K,60ATTWILL18,1049,WH1,04
E25F14211K,60ATTWILL18,1059,WH1,04
E15F09051H,60ATTWILL18,2184,WH1,04
W15G10034A,50PHXOFF15FSC,1695,WH1,04
W15G10034L,50PHXOFF15FSC,1738,WH1,04
7W5K23023C,60ORIONMATTX18,2872,WH1,04
7W5K23021G,60ORIONMATTX18,1441,WH1,04
7W5K23021F,60ORIONMATTX18,1441,WH1,04
7W5K23022G,60ORIONMATTX18,2877,WH1,04
W15G10034G,50PHXOFF15FSC,1700,WH1,04
W15G10034K,50PHXOFF15FSC,1729,WH1,04
W15G10034D,50PHXOFF15FSC,1696,WH1,04
7W5K23021C,60ORIONMATTX18,2874,WH1,04
SW714L2729341,87OGLCVRFSC26.5,1971,WH1,04
SW714K2510237,87OGLCVRFSC26.5,1887,WH1,04
SW395D0312328,60SOMMAT18,1370,WH1,04
SW395D0313281,60SOMMAT18,1389,WH1,04
SW395D0310119,60SOMMAT18,1384,WH1,04
SW395D0313238,60SOMMAT18,1365,WH1,04
SW724M3006210,7PTOPPS20FSC,1482,WH1,04
SW395D0310164,60SOMMAT18,1376,WH1,04
SW724M3001331,7PTOPPS20FSC,1538,WH1,04
SW724M3001320,7PTOPPS20FSC,1536,WH1,04
SW724M3005431,7PTOPPS20FSC,1564,WH1,04
SW724M2928241,7PTOPPS20FSC,1582,WH1,04
SW724M3006231,7PTOPPS20FSC,1484,WH1,04
SW724M3006341,7PTOPPS20FSC,1498,WH1,04
SW724M3006310,7PTOPPS20FSC,1498,WH1,04
SW724M3006331,7PTOPPS20FSC,1498,WH1,04
SW724M3005410,7PTOPPS20FSC,1564,WH1,04
SW316B1815406,68SOMGLCVRSFI18,1290,WH1,04
SW316B1815519,68SOMGLCVRSFI18,1310,WH1,04
SW316B1815319,68SOMGLCVRSFI18,1314,WH1,04
SW316B1815206,68SOMGLCVRSFI18,1294,WH1,04
SW396C1002301,68SOMGLCVRSFI18,1292,WH1,04
7W5K10382Z,80ORIONMAT20,2930,WH1,04
7W6B14111A,70ORIONMTFSC18,2639,WH1,04
SW713L0620459,80OPSGLCVR23,1750,WH1,03
SW713L0620499,80OPSGLCVR23,1750,WH1,03
SW743H2329154,80OPSGLCVR23,1746,WH1,03
SW713L0622170,80OPSGLCVR23,1736,WH1,03
SW313J2623120,68SOMGLSCVR23,1670,WH1,03
SW313J2623212,68SOMGLSCVR23,1672,WH1,03
SW713L0622100,80OPSGLCVR23,1736,WH1,03
SW313J2623152,68SOMGLSCVR23,1688,WH1,03
SW313J2623136,68SOMGLSCVR23,1682,WH1,03
SW713L0620200,80OPSGLCVR23,1814,WH1,03
SW313J2622369,68SOMGLSCVR23,1668,WH1,03
SW313J2622336,68SOMGLSCVR23,1684,WH1,03
SW333E1930199,70SOMMAT23,1790,WH1,03
N54Y15112C,45KRGGL26.25,2156,WH1,03
B8C5E111/E1A,40ECOOPAQ23,2525,WH1,03
SW313J2622320,68SOMGLSCVR23,1676,WH1,03
SW313J2623169,68SOMGLSCVR23,1662,WH1,03
SW313J2622328,68SOMGLSCVR23,1676,WH1,03
SW313J2622352,68SOMGLSCVR23,1692,WH1,03
SW313J2622344,68SOMGLSCVR23,1692,WH1,03
SW313D1316326,C61237,2531,WH1,03
SW334C2226144,100/CS+O+MM+A+TT+X+T,2527,WH1,03
30064335003,T61490,2885,WH1,03
B8C5E11171E,40ECOOPAQ23,2472,WH1,03
2206219,143CASAT23.50,1373,WH1,03
SW333A0509200,70OPSRESAT26.50,2144,WH1,03
SW712E2716199,105SOM34,2132,WH1,03
SW712E2716243,105SOM34,2082,WH1,03
SW712E2716160,105SOM34,2128,WH1,03
SW712E2716260,105SOM34,2084,WH1,03
SW712E2716143,105SOM34,2122,WH1,03
SW722H2618449,65OPUSMATCVR30,2046,WH1,03
7W3L05223Z,60ORIONMAT33.50,2443,WH1,03
7W3L05231B,60ORIONMAT33.50,2451,WH1,03
SW714K0121264,105SOMAT18,1154,WH1,03
SW714K0121164,105SOMAT18,1152,WH1,03
SW714K0121273,105SOMAT18,1160,WH1,03
E12A11063M,70WILL18,1114,WH1,03
E12A20042M,70WILL18,1099,WH1,03
315J05141D,89STGLCVRFSC38,2758,WH1,03
315J05301D,89STGLCVRFSC38,2817,WH1,03
315J05183D,89STGLCVRFSC38,2813,WH1,03
##09881303  0002,80RODULLT22,3514,WH1,03
##09881303  0001,80RODULLT22,1754,WH1,03
SW396A0815481,68SOMGLCVRSFI22,1589,WH1,03
SW396A0815401,68SOMGLCVRSFI22,1599,WH1,03
SW396A0813199,68SOMGLCVRSFI22,1578,WH1,03
SW396A0815381,68SOMGLCVRSFI22,1576,WH1,03
315J05302D,89STGLCVRFSC38,2818,WH1,03
SZ4Y0807014057,50PRISMOFF18,1958,WH1,03
SZ4Y0807013003,50PRISMOFF18,1980,WH1,03
SZ4Y0807014075,50PRISMOFF18,1980,WH1,03
SZ4Y0807017066,50PRISMOFF18,1960,WH1,03
SZ4Y0807016056,50PRISMOFF18,1955,WH1,03
SZ4Y0807068021,50PRISMOFF18,1953,WH1,03
SZ4Y0807014003,50PRISMOFF18,1969,WH1,03
SZ4Y0807015084,50PRISMOFF18,1982,WH1,03
SZ4Y0807063065,50PRISMOFF18,1951,WH1,03
SZ4Y0807063021,50PRISMOFF18,1964,WH1,03
SZ4Y0807008012,50PRISMOFF18,1951,WH1,03
SZ4Y0807064056,50PRISMOFF18,1947,WH1,03
SZ4Y0807012066,50PRISMOFF18,1960,WH1,03
0SZ4Y0807009012,50PRISMOFF18,1960,WH1,03
SZ4Y0807062047,50PRISMOFF18,1969,WH1,03
SZ4Y0807006012,50PRISMOFF18,1984,WH1,03
SZ4Y0807009056,50PRISMOFF18,1951,WH1,03
SZ4Y0807002056,50PRISMOFF18,1958,WH1,03
SZ4Y0807010066,50PRISMOFF18,1960,WH1,03
SZ4Y0807015066,50PRISMOFF18,1973,WH1,03
SZ4Y0807006066,50PRISMOFF18,1984,WH1,03
SZ4Y0807051065,50PRISMOFF18,1944,WH1,03
SZ4Y0807008065,50PRISMOFF18,1938,WH1,03
SZ4Y0807011003,50PRISMOFF18,1971,WH1,03
SZ4Y0807004075,50PRISMOFF18,1978,WH1,03
SZ4Y0807007075,50PRISMOFF18,1980,WH1,03
SZ4Y0807006075,50PRISMOFF18,1975,WH1,03
SZ4Y0807013066,50PRISMOFF18,1975,WH1,03
SZ4Y0807005066,50PRISMOFF18,1955,WH1,03
SZ4Y0807013057,50PRISMOFF18,1960,WH1,03
SZ4Y0807043056,50PRISMOFF18,1953,WH1,03
SZ4Y0807051047,50PRISMOFF18,1960,WH1,03
SZ4Y0807047047,50PRISMOFF18,1958,WH1,03
SZ4Y0807017003,50PRISMOFF18,1971,WH1,03
SZ4Y0807003066,50PRISMOFF18,1942,WH1,03
SZ4Y0807062065,50PRISMOFF18,1955,WH1,03
SZ4Y0807057065,50PRISMOFF18,1947,WH1,03
SZ4Y0807012075,50PRISMOFF18,1989,WH1,03
SZ4Y0807003075,50PRISMOFF18,1958,WH1,03
SZ4Y0807041065,50PRISMOFF18,1951,WH1,03
SW714L2513121,80OPSMATCVR23,1492,WH1,02
SW714L2513145,80OPSMATCVR23,1492,WH1,02
SW714L2513110,80OPSMATCVR23,1494,WH1,02
SW714L2518445,80OPSMATCVR23,1514,WH1,02
SW714L2513421,80OPSMATCVR23,1522,WH1,02
SW714L2513233,80OPSMATCVR23,1492,WH1,02
SW714L2513310,80OPSMATCVR23,1498,WH1,02
SW714L2513157,80OPSMATCVR23,1488,WH1,02
SW714L2513210,80OPSMATCVR23,1494,WH1,02
SW715D1641440,80OPSMATCVR23,1518,WH1,02
SW716B1227329,105SOMMAT38,2369,WH1,02
SW716B1227300,105SOMMAT38,2389,WH1,02
SW714L2513410,80OPSMATCVR23,1526,WH1,02
SW714L2513333,80OPSMATCVR23,1498,WH1,02
SW714L2513245,80OPSMATCVR23,1490,WH1,02
SW714L2513457,80OPSMATCVR23,1502,WH1,02
SW716B1227429,105SOMMAT38,2439,WH1,02
SW716B1227499,105SOMMAT38,2437,WH1,02
SW716B1225299,105SOMMAT38,2339,WH1,02
SW716B1225200,105SOMMAT38,2355,WH1,02
SW716B1227399,105SOMMAT38,2367,WH1,02
SW716B1227299,105SOMMAT38,2347,WH1,02
SW716B1225129,105SOMMAT38,2323,WH1,02
SW716B1225100,105SOMMAT38,2341,WH1,02
SW716B1225229,105SOMMAT38,2333,WH1,02
SW716B1225199,105SOMMAT38,2333,WH1,02
SW716B1227400,105SOMMAT38,2457,WH1,02
SW716B1227199,105SOMMAT38,2355,WH1,02
SW716B1227229,105SOMMAT38,2345,WH1,02
SW716B1227129,105SOMMAT38,2353,WH1,02
SW716B1227200,105SOMMAT38,2357,WH1,02
SW716B1227100,105SOMMAT38,2369,WH1,02
SW716A1144439,105SOMMAT38,2455,WH1,02
SW716A1144419,105SOMMAT38,2447,WH1,02
SW716A1144458,105SOMMAT38,2461,WH1,02
SW716A1144499,105SOMMAT38,2477,WH1,02
SW315M2112437,SOMGLCVR935FSC,2427,WH1,02
SW335L0213399,80SOMRECSFI18,1362,WH1,02
SW335L0214300,80SOMRECSFI18,1364,WH1,02
SW335L0209300,80SOMRECSFI18,1341,WH1,02
SW335L0209100,80SOMRECSFI18,1396,WH1,02
SW335L0213299,80SOMRECSFI18,1359,WH1,02
LM5DLA19047074,70SUZSILKFSC18,2998,WH1,02
LM5DLA19055074,70SUZSILKFSC18,2974,WH1,02
LM5DLA19028074,70SUZSILKFSC18,2994,WH1,02
LM5DLA19041074,70SUZSILKFSC18,2987,WH1,02
LM5DLA19011074,70SUZSILKFSC18,2952,WH1,02
LM5DLA19056074,70SUZSILKFSC18,2912,WH1,02
Q15J1935AF,80STERDULLFSC23,1781,WH1,02
Q15J1935BF,80STERDULLFSC23,1777,WH1,02
Q15L1604AC,80STERDULLFSC23,1751,WH1,02
Q15J1935CD,80STERDULLFSC23,1804,WH1,02
Q15J1933CD,80STERDULLFSC23,1829,WH1,02
Q15J1933BD,80STERDULLFSC23,1836,WH1,02
Q15E1109JF,80STERDULLFSC23,1789,WH1,02
Q15L1601AC,80STERDULLFSC23,1861,WH1,02
LM5DLA19018074,70SUZSILKFSC18,3009,WH1,02
Q15J1935CF,80STERDULLFSC23,1780,WH1,02
SW335J2507160,80SOMSAT38FSC,3059,WH1,02
SW335M2527250,80SOMSAT38FSC,3078,WH1,02
SW335M2527350,80SOMSAT38FSC,3106,WH1,02
SW335M2527150,80SOMSAT38FSC,3059,WH1,02
SW335M2527200,80SOMSAT35.5FSC,2874,WH1,02
SW315M2112474,SOMGLCVR935FSC,2395,WH1,02
SW315L0815199,SOMGLCVR935FSC,2425,WH1,02
SW315M2112412,SOMGLCVR935FSC,2417,WH1,02
SW315M2112699,SOMGLCVR935FSC,2397,WH1,02
SW335M2527376,80SOMSAT35.5FSC,2910,WH1,02
SW315M2112399,SOMGLCVR935FSC,2389,WH1,02
SW335M2527276,80SOMSAT35.5FSC,2887,WH1,02
SW335M2527312,80SOMSAT35.5FSC,2895,WH1,02
SW335M2527300,80SOMSAT35.5FSC,2885,WH1,02
SW315M2112374,SOMGLCVR935FSC,2389,WH1,02
SW315L0815140,SOMGLCVR935FSC,2421,WH1,02
SW315M2112661,SOMGLCVR935FSC,2415,WH1,02
SW336A2927131,70SOMMAT31,2370,WH1,19
SW336A2924256,70SOMMAT31,2368,WH1,19
SW336A2924179,70SOMMAT31,2366,WH1,19
345G27061E,50INFGLTX37.5,3445,WH1,19
SW725C0103179,70OPSPS17.5RFSC,1335,WH1,19
SW725C0103161,70OPSPS17.5RFSC,1333,WH1,19
SW333K0209108,61448,1772,WH1,19
SW333K0209299,61448,1774,WH1,19
SW333K0209182,61448,1756,WH1,19
SW335L0914300,45SOMGL35.5,3205,WH1,19
SW724F2211499,65SOMREMAT34,2268,WH1,19
1908430,40SUNOP35,1351,WH1,19
1908440,40SUNOP35,1415,WH1,19
SW714K0123472,105SOMAT18,1142,WH1,19
SW394K0413299,62SOMSAT23,1962,WH1,19
W14H15104F,50PHXOFF22,1184,WH1,19
W14H15104G,50PHXOFF22,1183,WH1,19
W14H15104D,50PHXOFF22,1185,WH1,19
W14H15104E,50PHXOFF22,1185,WH1,19
SW391D0527146,60338,2126,WH1,19
SW393L0722112,70OPS18,1484,WH1,19
SW334E0732379,50SOMGL25.50,2300,WH1,19
DTJ15K3009264,60LYNXSM38,2198,WH1,19
SW371K0523125,50SOMMAT33,2427,WH1,19
RSW395L0814166,82SOMGLRECVRFSC,1232,WH1,19
RSW395L0814238,82SOMGLRECVRFSC,1242,WH1,19
RSW395L0811166,82SOMGLRECVRFSC,1216,WH1,19
RSW395L0813566,82SOMGLRECVRFSC,1222,WH1,19
RSW395L0812166,82SOMGLRECVRFSC,1220,WH1,19
RSW395L0814338,82SOMGLRECVRFSC,1244,WH1,19
B8C5E11163Y,40ECOOPAQ29,1580,WH1,19
B8C5E11161W,40ECOOPAQ29,1558,WH1,19
B8C5E11161X,40ECOOPAQ29,1564,WH1,19
B8C5E11163X,40ECOOPAQ29,1569,WH1,19
B8C5E11162V,40ECOOPAQ29,1552,WH1,19
SW331H2720 299,60OPSSAT24,1930,WH1,19
SW331H2720199,60OPSSAT24,1930,WH1,19
SW331L1535209,70SOMSAT33.12,2635,WH1,19
##02725902  0003,80ROMATT38,3088,WH1,19
SW334M0609322,80OPSDUL26.5FSC,2168,WH1,19
SW334M0612279,80OPSDUL26.5FSC,2143,WH1,19
SW724L2413218,70SOMGLCVR22,1616,WH1,19
PH25D0716399,34ARTSCA34.75,2670,WH1,19
PH25D0714199,34ARTSCA34.75,2745,WH1,19
989701,65RLLENV24.75,1485,WH1,19
09881301 0002,80ROGLT22,3734,WH1,19
989658,65RLLENV24.75,1491,WH1,19
897709,65RLLENV24.75,1489,WH1,19
U5576A0001,40ROMU35,2010,WH1,19
SW394A1516349,60SOMGL23.50,1991,WH1,19
7S5H09021D,60ORIONGL35PB,3126,WH1,19
227200,60SOMSAT18,1482,WH1,19
418199,60SOMSAT18,1370,WH1,19
416299,60SOMSAT18,1483,WH1,19
416199,60SOMSAT18,1473,WH1,19
515121,60SOMSAT18,1466,WH1,19
SW322D2017199,50SOM35.50,1195,WH1,19
1908421,40SUNOP35,1411,WH1,19
W15M23164E,50PHXOFF12.5FSC,1428,WH1,19
SW714F0436353,80OPSGLREC17.50,1501,WH1,19
SW714F0428153,80OPSGLREC17.50,1487,WH1,19
106264,20PPLUS11.75,446,WH1,19
60823B,20PPLUS11.75,409,WH1,19
106266,20PPLUS11.75,421,WH1,19
106005,20PPLUS11.75,437,WH1,19
7+W5+D10263+A,FSC80ORMATCV18,1182,WH1,19
SW715C1305375,80OPSMATCVR20,1322,WH1,19
SW715J0247200,87OPSRCDULLCR20,1382,WH1,19
7+W5+D10262+B,FSC80ORMATCV18,1192,WH1,19
7W5D10263B,FSC80ORMATCV18,1187,WH1,19
7+W5+D10281+A,FSC80ORMATCV18,1173,WH1,19
SW715J0247220,87OPSRCDULLCR20,1388,WH1,19
7+W5+D10262+A,FSC80ORMATCV18,1188,WH1,19
7W5D10261B,FSC80ORMATCV18,1201,WH1,19
7+W5+D10271+A,FSC80ORMATCV18,1204,WH1,19
7+W5+D10263+C,FSC80ORMATCV18,1187,WH1,19
7+W5+D10283+A,FSC80ORMATCV18,1186,WH1,19
7W5D10263Z,FSC80ORMATCV18,1184,WH1,19
7+W5+D10283+C,FSC80ORMATCV18,1190,WH1,19
7+W5+D10281+Z,FSC80ORMATCV18,1204,WH1,19
SZ5C0807075038+B,50+P+R+I+S+M+O+F+F11.5,638,WH1,19
SZ5C0807079026+A,50+P+R+I+S+M+O+F+F11.5,616,WH1,19
SZ5C0807076014+A,50+P+R+I+S+M+O+F+F11.5,591,WH1,19
SZ5C0807076014+B,50+P+R+I+S+M+O+F+F11.5,591,WH1,19
SW336C0904399,80SOM35.50FSC,3037,WH1,19
SW336C0830199,80SOM35.50FSC,3053,WH1,19
W13J08241C,60PHXOFF23,2635,WH1,19
SW712G3129269,105SOM25,1551,WH1,19
DTJ15J2910118,50LYNXSM28.50MF,1652,WH1,19
##02722001  0011,9PTROMATTCVR,2650,WH1,19
##02722001  0007,9PTROMATTCVR,1371,WH1,19
SW726A1409400,65OPMTCVR18SFI,1187,WH1,19
SW726A1409409,65OPMTCVR18SFI,1189,WH1,19
42881,12PTSAVIBRITEC2,1209,WH1,19
E12A11063N,70WILL18,500,WH1,19
##09881305  0002,100ROMATT22,3120,WH1,19
##09881305  0001,100ROMATT22,1714,WH1,19
SW331K0526383,70SOM26.50,2234,WH1,19
SW331J0928225,70SOMREGL26.50,2212,WH1,19
SW331K0526383,70SOMREGL26.50,2234,WH1,19
77W5K23022E,60ORIONMATTX18,2877,WH1,19
7W5K23022D,60ORIONMATTX18,2877,WH1,19
B8C5E11163Z,40ECOFSCSLT38,2039,WH1,19
SW715L0839255,87DULLRCRVSFI18,1284,WH1,19
SW715L0839209,87DULLRCRVSFI18,1282,WH1,19
SW715L0839118,87DULLRCRVSFI18,1278,WH1,19
SW715L0839109,87DULLRCRVSFI18,1280,WH1,19
SW715L0839128,87DULLRCRVSFI18,1280,WH1,19
W15G10034N,50PHXOFF15FSC,1698,WH1,19
SW335M2527212,80SOMSAT35.5FSC,2884,WH1,19
7A6B15052B,FSC70ORMAT35.5,2770,WH2,27
7W6B14272B,FSC70ORMAT35.5,2622,WH2,27
7W6B15011B,FSC70ORMAT35.5,2665,WH2,27
7W6B14293B,FSC70ORMAT35.5,2618,WH2,27
##09881304  0001,100RODULLT22,3454,WH2,27
##09881304  0002,100RODULLT22,1562,WH2,27
7W6B15013B,FSC70ORMAT35.5,2667,WH2,27
7W6B15102B,FSC70ORMAT35.5,2638,WH2,27
7W6B15062B,FSC70ORMAT35.5,2643,WH2,27
7W6B15063B,FSC70ORMAT35.5,2655,WH2,27
7A6B15051B,FSC70ORMAT35.5,2712,WH2,27
7W6B14273B,FSC70ORMAT35.5,2631,WH2,27
7W6B14291B,FSC70ORMAT35.5,2621,WH2,27
7W6B14292B,FSC70ORMAT35.5,2620,WH2,27
7W6B14253B,FSC70ORMAT35.5,2603,WH2,27
7W6B15101B,FSC70ORMAT35.5,2605,WH2,27
7W6B15012B,FSC70ORMAT35.5,2672,WH2,27
7W6B14271B,MP7W6B1427122,2625,WH2,27
SW715F1427127,OPSGLCVFSC26.5,2073,WH2,27
SW715F1427399,OPSGLCVFSC26.5,2065,WH2,27
SW715F1433214,OPSGLCVFSC26.5,2081,WH2,27
SW715F1427268,OPSGLCVFSC26.5,2055,WH2,27
SW715F1433227,OPSGLCVFSC26.5,2071,WH2,27
SW715F1429100,OPSGLCVFSC26.5,2065,WH2,27
SW715F1427241,OPSGLCVFSC26.5,2063,WH2,27
SW725A1911223,OPSGLCVFSC26.5,1985,WH2,27
SW725A1911200,OPSGLCVFSC26.5,1981,WH2,27
SW725A1911427,OPSGLCVFSC26.5,2089,WH2,27
SW725A1911400,OPSGLCVFSC26.5,2083,WH2,27
SW725A1911468,OPSGLCVFSC26.5,2083,WH2,27
SW725A1911499,OPSGLCVFSC26.5,2091,WH2,27
SW715F1433200,OPSGLCVFSC26.5,2073,WH2,27
SW715F1429114,OPSGLCVFSC26.5,2059,WH2,27
SW725A1912299,OPSGLCVFSC26.5,1981,WH2,27
SW725A1912249,OPSGLCVFSC26.5,1975,WH2,27
SW725A1911399,OPSGLCVFSC26.5,2049,WH2,27
SW725A1911157,OPSGLCVFSC26.5,2037,WH2,27
SW725A1911257,OPSGLCVFSC26.5,1993,WH2,27
SW725A1911441,OPSGLCVFSC26.5,2085,WH2,27
SW725A1911323,OPSGLCVFSC26.5,2043,WH2,27
SW725A1911300,OPSGLCVFSC26.5,2039,WH2,27
7S5J17033C,60ORIONGL35PB,3002,WH2,27
7S5J17031C,60ORIONGL35PB,2820,WH2,27
7S5J17031Z,60ORIONGL35PB,2806,WH2,27
7S5J17033D,60ORIONGL35PB,3001,WH2,27
7S5J17032Z,60ORIONGL35PB,2820,WH2,27
7R5J16053Z,60ORIONGL35PB,2973,WH2,27
7R5J16052Z,60ORIONGL35PB,3094,WH2,27
7S5J17033Z,60ORIONGL35PB,2986,WH2,27
7R5J17041C,60ORIONGL35PB,2984,WH2,27
7S5J17031D,60ORIONGL35PB,2823,WH2,27
7S5J17032D,60ORIONGL35PB,2837,WH2,27
7R5J17021Z,60ORIONGL35PB,3032,WH2,27
7S5J17032C,60ORIONGL35PB,2835,WH2,27
7W6B14061A,70ORIONMTFSC18,2763,WH2,27
7W6B14133A,70ORIONMTFSC18,2668,WH2,27
7W6B14132A,70ORIONMTFSC18,2702,WH2,27
7W6B14012A,70ORIONMTFSC18,2630,WH2,27
7W6B14183B,70ORIONMTFSC18,2701,WH2,27
7W6B14062A,70ORIONMTFSC18,2634,WH2,27
7W6B14163A,70ORIONMTFSC18,2629,WH2,27
7W6B14162A,70ORIONMTFSC18,2733,WH2,27
7W6B14011A,70ORIONMTFSC18,2663,WH2,27
7W6B14063A,70ORIONMTFSC18,2656,WH2,27
7W6B14131A,70ORIONMTFSC18,2740,WH2,27
7W6B14112A,70ORIONMTFSC18,2758,WH2,27
7W6B14113A,70ORIONMTFSC18,2609,WH2,27
7W6B14161A,70ORIONMTFSC18,2712,WH2,27
7W6B14013A,70ORIONMTFSC18,2679,WH2,27
7R5M17033B,60ORIONGL35PB,3130,WH2,28
7R5M17033C,60ORIONGL35PB,3138,WH2,28
7R5M17041B,60ORIONGL35PB,3129,WH2,28
7S5M17072B,60ORIONGL35PB,3100,WH2,28
7R5M17082C,60ORIONGL35PB,3180,WH2,28
7S5M17072C,60ORIONGL35PB,3107,WH2,28
7R5M17032C,60ORIONGL35PB,3108,WH2,28
7R5M17042B,60ORIONGL35PB,3129,WH2,28
7S5M17081C,60ORIONGL35PB,3137,WH2,28
7R5M17032B,60ORIONGL35PB,3117,WH2,28
7S5M17062C,60ORIONGL35PB,3154,WH2,28
7S5M17081B,60ORIONGL35PB,3132,WH2,28
7R5M17041C,60ORIONGL35PB,3135,WH2,28
7R5M17042C,60ORIONGL35PB,3134,WH2,28
7R5M18091B,60ORIONGL35PB,3146,WH2,28
7S5M18102C,60ORIONGL35PB,3144,WH2,28
7S5M18101B,60ORIONGL35PB,3125,WH2,28
7+R5+M18102+B,60ORIONGL35PB,3131,WH2,28
7S5M18103C,60ORIONGL35PB,3093,WH2,28
7R5M18101Z,60ORIONGL35PB,3130,WH2,28
7R5M18091C,60ORIONGL35PB,3139,WH2,28
7S5M18111B,60ORIONGL35PB,3081,WH2,28
7S5M18092C,60ORIONGL35PB,3113,WH2,28
7R5M18101B,60ORIONGL35PB,3131,WH2,28
7R5M18102Z,60ORIONGL35PB,3129,WH2,28
7S5M18102B,60ORIONGL35PB,3138,WH2,28
7S5M18103B,60ORIONGL35PB,3088,WH2,28
7S5M18101C,60ORIONGL35PB,3131,WH2,28
SW316B0607199,82SOMRGCFSC28,1940,WH2,30
SW316B0612452,82SOMRGCFSC28,1954,WH2,30
SW316B0607599,82SOMRGCFSC28,1932,WH2,30
SW316B0616326,82SOMRGCFSC28,1960,WH2,30
SW316B0608199,82SOMRGCFSC28,1948,WH2,30
SW316B0616226,82SOMRGCFSC28,1960,WH2,30
SW316B0616126,82SOMRGCFSC28,1960,WH2,30
SW316B0607499,82SOMRGCFSC28,1938,WH2,30
SW316B0612552,82SOMRGCFSC28,1958,WH2,30
SW316B0608499,82SOMRGCFSC28,1948,WH2,30
SW316B0613252,82SOMRGCFSC28,1962,WH2,30
SW316B0607299,82SOMRGCFSC28,1940,WH2,30
SW316B0608299,82SOMRGCFSC28,1954,WH2,30
SW316B0612352,82SOMRGCFSC28,1958,WH2,30
SW316B0607399,82SOMRGCFSC28,1942,WH2,30
13985,82SOMRGCFSC28,1960,WH2,30
SW316B0613152,82SOMRGCFSC28,1962,WH2,30
SW316B0613352,82SOMRGCFSC28,1962,WH2,30
SW316B0614252,82SOMRGCFSC28,1962,WH2,30
SW316B0613452,82SOMRGCFSC28,1962,WH2,30
SW316B0608399,82SOMRGCFSC28,1954,WH2,30
SW316B0612252,82SOMRGCFSC38,2651,WH2,30
SW316B0608553,82SOMRGCFSC38,2683,WH2,30
SW316B0614539,82SOMRGCFSC38,2693,WH2,30
SW316B0614339,82SOMRGCFSC38,2685,WH2,30
SW316B0613552,82SOMRGCFSC28,1966,WH2,30
SW316B0615526,82SOMRGCFSC28,1981,WH2,30
SW316B0608566,82SOMRGCFSC38,2669,WH2,30
SW316B0609153,82SOMRGCFSC38,2651,WH2,30
SW316B0614439,82SOMRGCFSC38,2681,WH2,30
SW316B0609166,82SOMRGCFSC38,2637,WH2,30
989754,65RLLENV24.75,1453,WH2,30
989662,65RLLENV24.75,1493,WH2,30
897741,65RLLENV24.75,1485,WH2,30
897746,65RLLENV24.75,1471,WH2,30
897756,65RLLENV24.75,1453,WH2,30
897751,65RLLENV24.75,1467,WH2,30
897745,65RLLENV24.75,1471,WH2,30
105925,20PPLUS11.75,443,WH2,30
106149,20PPLUS11.75,447,WH2,30
105931,20PPLUS11.75,454,WH2,30
105927,20PPLUS11.75,445,WH2,30
106155,20PPLUS11.75,453,WH2,30
106042,20PPLUS11.75,448,WH2,30
105977,20PPLUS11.75,446,WH2,30
105967,20PPLUS11.75,443,WH2,30
105923,20PPLUS11.75,448,WH2,30
105953,20PPLUS11.75,447,WH2,30
105929,20PPLUS11.75,443,WH2,30
105939,20PPLUS11.75,455,WH2,30
106021,20PPLUS11.75,451,WH2,30
105933,20PPLUS11.75,438,WH2,30
105935,20PPLUS11.75,439,WH2,30
106198,20PPLUS11.75,448,WH2,30
106218,20PPLUS11.75,441,WH2,30
105937,20PPLUS11.75,443,WH2,30
106007,20PPLUS11.75,447,WH2,30
106009,20PPLUS11.75,447,WH2,30
105979,20PPLUS11.75,446,WH2,30
106019,20PPLUS11.75,448,WH2,30
106017,20PPLUS11.75,440,WH2,30
106023,20PPLUS11.75,446,WH2,30
106011,20PPLUS11.75,445,WH2,30
106013,20PPLUS11.75,452,WH2,30
106015,20PPLUS11.75,447,WH2,30
106119,20PPLUS11.75,429,WH2,30
106113,20PPLUS11.75,438,WH2,30
106085,20PPLUS11.75,438,WH2,30
106045,20PPLUS11.75,433,WH2,30
106071,20PPLUS11.75,447,WH2,30
106034,20PPLUS11.75,446,WH2,30
106230,20PPLUS11.75,409,WH2,30
106232,20PPLUS11.75,436,WH2,30
106258,20PPLUS11.75,426,WH2,30
106232,60823B,436,WH2,30
106222,20PPLUS11.75,440,WH2,30
106110,20PPLUS11.75,443,WH2,30
106106,20PPLUS11.75,441,WH2,30
106104,20PPLUS11.75,441,WH2,30
106102,20PPLUS11.75,448,WH2,30
106115,20PPLUS11.75,453,WH2,30
106226,20PPLUS11.75,449,WH2,30
106228,20PPLUS11.75,437,WH2,30
106151,20PPLUS11.75,442,WH2,30
106153,20PPLUS11.75,441,WH2,30
106117,20PPLUS11.75,446,WH2,30
106133,20PPLUS11.75,441,WH2,30
106135,20PPLUS11.75,436,WH2,30
106145,20PPLUS11.75,439,WH2,30
106147,20PPLUS11.75,442,WH2,30
106193,20PPLUS11.75,442,WH2,30
106189,20PPLUS11.75,451,WH2,30
106220,20PPLUS11.75,446,WH2,30
106224,20PPLUS11.75,445,WH2,30
106195,20PPLUS11.75,433,WH2,30
106186,20PPLUS11.75,449,WH2,30
106191,20PPLUS11.75,451,WH2,30
SW335M0717129,80OPSDLL28,2215,WH2,31
SW335M0717220,80OPSDLL28,2229,WH2,31
SW335M0717229,80OPSDLL28,2224,WH2,31
SW335M0717259,80OPSDLL28,2230,WH2,31
SW335M0719100,80OPSDLL28,2225,WH2,31
SW335M0717229,80OPSDLL28,2224,WH2,31
SW335M0717149,80OPSDLL28,2220,WH2,31
SW335M0719159,80OPSDLL28,2223,WH2,31
SW335M0719169,80OPSDLL28,2222,WH2,31
SW335M0717300,80OPSDLL28,2242,WH2,31
SW335M0717210,80OPSDLL28,2241,WH2,31
SW335M0717200,80OPSDLL28,2230,WH2,31
SW335M0717369,80OPSDLL28,2234,WH2,31
SW335M0717379,80OPSDLL28,2242,WH2,31
SW335M0717310,80OPSDLL28,2245,WH2,31
SW335M0717320,80OPSDLL28,2239,WH2,31
SW335M0717110,80OPSDLL28,2225,WH2,31
SW335M0717279,80OPSDLL28,2242,WH2,31
SW335M0717329,80OPSDLL28,2230,WH2,31
SW335M0718378,80OPSDLL28,2236,WH2,31
SW335M0717399,80OPSDLL28,2102,WH2,31
SW335M0717359,80OPSDLL28,2236,WH2,31
SW335M0719249,80OPSDLL28,2234,WH2,31
SW335M0719179,80OPSDLL28,2233,WH2,31
SW335M0719199,80OPSDLL28,2242,WH2,31
SW335M0719299,80OPSDLL28,2242,WH2,31
SW335M0719339,80OPSDLL28,2255,WH2,31
SW335M0719220,80OPSDLL28,2236,WH2,31
SW335M0719259,80OPSDLL28,2234,WH2,31
SW335M0717349,80OPSDLL28,2235,WH2,31
SW335M0719110,80OPSDLL28,2227,WH2,31
SW335M0719279,80OPSDLL28,2245,WH2,31
SW335M0718358,80OPSDLL28,2219,WH2,31
SW335M0717269,80OPSDLL28,2230,WH2,31
SW335M0717239,80OPSDLL28,2228,WH2,31
SW335E2610149,80OPSDLL28,2166,WH2,31
SW335E2610110,80OPSDLL28,2173,WH2,31
SW335E2610159,80OPSDLL28,2168,WH2,31
SW335E2610179,80OPSDLL28,2177,WH2,31
SW335E2610120,80OPSDLL28,2177,WH2,31
SW335M0719139,80OPSDLL28,2225,WH2,31
SW335M0719149,80OPSDLL28,2226,WH2,31
SW335E2610199,80OPSDLL28,2183,WH2,31
SW335E2610129,80OPSDLL28,2175,WH2,31
SW335E2610379,80OPSDLL28,2171,WH2,31
SW335E2610359,80OPSDLL28,2100,WH2,31
SW335E2610100,80OPSDLL28,2187,WH2,31
SW335E2610369,80OPSDLL28,2165,WH2,31
7F6B23051D,50PENFSC23,2839,WH2,31
7F6B23051B,50PENFSC23,2858,WH2,31
7F6B22182E,50PENFSC23,2855,WH2,31
7F6B23052D,50PENFSC23,2845,WH2,31
7F6B23052B,50PENFSC23,2859,WH2,31
7F6B22242G,50PENFSC23,2808,WH2,31
7F6B23022C,50PENFSC23,2823,WH2,31
SW316A2024269,68SOMGLCFSC25.5,1861,WH2,32
SW316A2102548,68SOMGLCFSC25.5,1862,WH2,32
SW316A2024369,68SOMGLCFSC25.5,1894,WH2,32
SW316A2024251,68SOMGLCFSC25.5,1882,WH2,32
SW316A2115163,68SOMGLCFSC25.5,1856,WH2,32
SW316A2115145,68SOMGLCFSC25.5,1858,WH2,32
SW316A2114536,68SOMGLCFSC25.5,1870,WH2,32
SW316A2111418,68SOMGLCFSC25.5,1830,WH2,32
SW316A2112449,68SOMGLCFSC25.5,1872,WH2,32
SW316A2024360,68SOMGLCFSC25.5,1884,WH2,32
SW316A2114361,68SOMGLCFSC25.5,1864,WH2,32
SW316A2114518,68SOMGLCFSC25.5,1872,WH2,32
SW316A2113140,68SOMGLCFSC25.5,1854,WH2,32
SW316A2025149,68SOMGLCFSC25.5,1854,WH2,32
SW316A2112540,68SOMGLCFSC25.5,1805,WH2,32
SW316A2112349,68SOMGLCFSC25.5,1868,WH2,32
SW316A2115524,68SOMGLCFSC25.5,1874,WH2,32
SW316A2112181,68SOMGLCFSC25.5,1842,WH2,32
SW316A2112440,68SOMGLCFSC25.5,1864,WH2,32
SW316A2112340,68SOMGLCFSC25.5,1860,WH2,32
SW316A2112118,68SOMGLCFSC25.5,1854,WH2,32
SW316A2112127,68SOMGLCFSC25.5,1850,WH2,32
SW316A2115154,68SOMGLCFSC25.5,1858,WH2,32
SW316A2115181,68SOMGLCFSC25.5,1840,WH2,32
SW316A2104318,68SOMGLCFSC25.5,1920,WH2,32
SW316A2104377,68SOMGLCFSC25.5,1906,WH2,32
SW316A2105168,68SOMGLCFSC25.5,1840,WH2,32
SW316A2104327,68SOMGLCFSC25.5,1920,WH2,32
SW316A2108168,68SOMGLCFSC25.5,1848,WH2,32
SW316A2106227,68SOMGLCFSC25.5,1854,WH2,32
SW316A2105118,68SOMGLCFSC25.5,1850,WH2,32
SW316A2111218,68SOMGLCFSC25.5,1858,WH2,32
SW316A2105218,68SOMGLCFSC25.5,1852,WH2,32
SW316A2105277,68SOMGLCFSC25.5,1834,WH2,32
SW316A2105227,68SOMGLCFSC25.5,1852,WH2,32
SW316A2105368,68SOMGLCFSC25.5,1842,WH2,32
SW316A2105377,68SOMGLCFSC25.5,1838,WH2,32
SW316A2106177,68SOMGLCFSC25.5,1838,WH2,32
SW316A2105427,68SOMGLCFSC25.5,1856,WH2,32
SW316A2106168,68SOMGLCFSC25.5,1844,WH2,32
W15E11103F,50PHXOFF13FSC,1965,WH2,32
W15E11112F,50PHXOFF13FSC,2022,WH2,32
7W6B15152D,70ORIONMTFSC23,3492,WH2,32
7W6B15153D,70ORIONMTFSC23,3369,WH2,32
7W6B15142D,70ORIONMTFSC23,3536,WH2,32
7W6B15141D,70ORIONMTFSC23,3494,WH2,32
7W6B15151D,70ORIONMTFSC23,3472,WH2,32
7W6B15143B,70ORIONMTFSC23,3348,WH2,32
7W6B15112D,70ORIONMTFSC23,3530,WH2,32
7W6B15113D,70ORIONMTFSC23,3324,WH2,32
7W6B15181E,70ORIONMTFSC23,3408,WH2,32
7W6B15172D,70ORIONMTFSC23,3384,WH2,32
7W6B15091B,70ORIONMTFSC23,3399,WH2,32
7W6B15111D,70ORIONMTFSC23,3538,WH2,32
7W6B15173D,70ORIONMTFSC23,3397,WH2,32
7W6B15073B,70ORIONMTFSC23,3466,WH2,32
7W6B15051D,70ORIONMTFSC23,3543,WH2,32
7W6B15081D,70ORIONMTFSC23,3495,WH2,32
7W6B15083D,70ORIONMTFSC23,3449,WH2,32
7W6B15082D,70ORIONMTFSC23,3304,WH2,32
7W6B15041B,70ORIONMTFSC23,3466,WH2,32
7W6B15032D,70ORIONMTFSC23,3525,WH2,32
SW316C1002452,68SOMGLCFSC38,2727,WH2,44
SW316C1002439,68SOMGLCFSC38,2743,WH2,44
SW316C1002352,68SOMGLCFSC38,2727,WH2,44
SW316C1002339,68SOMGLCFSC38,2735,WH2,44
SW316C1002352,68SOMGLCFSC38,2727,WH2,44
SW316C1003100,68SOMGLCFSC38,2661,WH2,44
SW316C1003400,68SOMGLCFSC38,2675,WH2,44
SW316C1002547,68SOMGLCFSC38,2747,WH2,44
SW316C1002265,68SOMGLCFSC38,2713,WH2,44
SW316C1002465,68SOMGLCFSC38,2717,WH2,44
SW316C1003260,68SOMGLCFSC38,2705,WH2,44
SW316C1002365,68SOMGLCFSC38,2715,WH2,44
SW316C1004100,68SOMGLCFSC38,2675,WH2,44
SW316C1002527,68SOMGLCFSC38,2751,WH2,44
SW316C1003113,68SOMGLCFSC38,2711,WH2,44
SW316C1004171,68SOMGLCFSC38,2679,WH2,44
SW316C1004300,68SOMGLCFSC38,2683,WH2,44
SW316C1004271,68SOMGLCFSC38,2675,WH2,44
SW316C1004133,68SOMGLCFSC38,2703,WH2,44
SW316C1004220,68SOMGLCFSC38,2715,WH2,44
SW316C1004200,68SOMGLCFSC38,2679,WH2,44
SW316C1004199,68SOMGLCFSC38,2677,WH2,44
SW316C1003599,68SOMGLCFSC38,2703,WH2,44
SW316C1003558,68SOMGLCFSC38,2719,WH2,44
SW316C1003160,68SOMGLCFSC38,2693,WH2,44
SW316C1002500,68SOMGLCFSC38,2705,WH2,44
SW316C1004158,68SOMGLCFSC38,2695,WH2,44
SW316C1004120,68SOMGLCFSC38,2711,WH2,44
SW316C1004233,68SOMGLCFSC38,2707,WH2,44
SW316C1004299,68SOMGLCFSC38,2675,WH2,44
SW316C1004258,68SOMGLCFSC38,2695,WH2,44
SW316C1004320,68SOMGLCFSC38,2719,WH2,44
B8C4K23183Z,40ECOFSCSLT38,2019,WH2,43
B8C4K23182Z,40ECOFSCSLT38,2025,WH2,43
B8C4K23181Z,40ECOFSCSLT38,2027,WH2,43
B8C4K23182Y,40ECOFSCSLT38,2008,WH2,43
B8C4K23181Y,40ECOFSCSLT38,2010,WH2,43
B8C4K23173Z,40ECOFSCSLT38,2016,WH2,43
B8C4K23173X,40ECOFSCSLT38,1986,WH2,43
B8C4K23173Y,40ECOFSCSLT38,2003,WH2,43
B8C4K23174Y,40ECOFSCSLT38,2005,WH2,43
B8C4K23174Z,40ECOFSCSLT38,2023,WH2,43
W15M23193F,50PHXOFF12.5FSC,1427,WH2,43
W15M23172F,50PHXOFF12.5FSC,1429,WH2,43
W15M23201E,50PHXOFF12.5FSC,1424,WH2,43
W15M23202F,50PHXOFF12.5FSC,1425,WH2,43
W15M23203E,50PHXOFF12.5FSC,1420,WH2,43
W15M23204F,50PHXOFF12.5FSC,1422,WH2,43
W15M22091F,50PHXOFF12.5FSC,1413,WH2,43
W15M23023K,50PHXOFF12.5FSC,1408,WH2,43
W15M23191E,50PHXOFF12.5FSC,1425,WH2,43
7F6C02262B,50PENFSC18,2130,WH2,43
7F6C02202C,50PENFSC18,2232,WH2,43
7F6C02201A,50PENFSC18,2226,WH2,43
7F6B14133A,50PENFSC18,2166,WH2,43
7F6C02272B,50PENFSC18,2104,WH2,43
7F6C02203B,50PENFSC18,2236,WH2,43
7F6B23021J,50PENFSC18,2200,WH2,43
7F6C02201C,50PENFSC18,2230,WH2,43
7F6B14133E,50PENFSC18,2160,WH2,43
7F6C02263A,50PENFSC18,2112,WH2,43
7F6C02193A,50PENFSC18,2234,WH2,43
7F6C02193C,50PENFSC18,2238,WH2,43
7F6C02202A,50PENFSC18,2228,WH2,43
7F6C02194A,50PENFSC18,2236,WH2,43
7F6C02194C,50PENFSC18,2240,WH2,43
7F6C02271B,50PENFSC18,2102,WH2,43
7F6C02203C,50PENFSC18,2238,WH2,43
7F6C02261A,50PENFSC18,2135,WH2,43
7F6B14133C,50PENFSC18,2164,WH2,43
259309,80FINCHC35,2057,WH2,42
259250,80FINCHC35,2060,WH2,42
259399,80FINCHC35,2022,WH2,42
259302,80FINCHC35,2068,WH2,42
259321,80FINCHC35,2117,WH2,42
259301,80FINCHC35,2068,WH2,42
20047635023,60KRGRGL26.75,2147,WH2,42
20047635033,60KRGRGL26.75,2138,WH2,42
A07011A,60CASEGL21.50,1880,WH2,42
C14032Z,60CASEGL21.50,1843,WH2,42
L19042A,60CASEGL21.50,1904,WH2,42
C14072Z,60CASEGL21.50,1885,WH2,42
A06092A,60CASEGL21.50,1869,WH2,42
D14032A,60CASEGL21.50,1904,WH2,42
B07013A,60CASEGL21.50,1893,WH2,42
3D6E03091B,130STRGL35.50,2638,WH2,42
3D6E03091B,130STRGL35.50,2638,WH2,42
SW320F1104225,50SOMFSCMAT35,2653,WH2,42
SW320F1104125,50SOMFSCMAT35,2651,WH2,42
SW712H0503276,80OPSMATCVR16,1034,WH2,42
SW712H0503267,80OPSMATCVR16,1040,WH2,42
SW712H0503476,80OPSMATCVR16,970,WH2,42
SW712H0503467,80OPSMATCVR16,954,WH2,42
SW712E1518358,80OPSMATCVR16,1481,WH2,42
S14F190791B,65OMNIOPCVR35FP,2059,WH2,42
S14F19082A,65OMNIOPCVR35FP,2055,WH2,42
SW334K0433274,80SOMGL35,3052,WH2,42
0022C,65RLL24,1367,WH2,42
0042C,65RLL24,1364,WH2,42
DTJ11L505300,70LYNXOPA35.5,2034,WH2,42
W15M23072E,50PHXOFF15FSC,1710,WH2,42
W15M23043E,50PHXOFF15FSC,1697,WH2,42
W15M23071E,50PHXOFF15FSC,1710,WH2,42
W15M23022E,50PHXOFF15FSC,1692,WH2,42
W15M23023L,50PHXOFF15FSC,1687,WH2,42
W15M23023E,50PHXOFF15FSC,1693,WH2,42
W15M23024Z,50PHXOFF15FSC,1699,WH2,42
W15M23071L,50PHXOFF15FSC,1703,WH2,42
W15M23044L,50PHXOFF15FSC,1697,WH2,42
W15M23043L,50PHXOFF15FSC,1688,WH2,42
W15M23044E,50PHXOFF15FSC,1705,WH2,42
W15M23033E,50PHXOFF15FSC,1690,WH2,42
W15M23034L,50PHXOFF15FSC,1700,WH2,42
W15M22212L,50PHXOFF15FSC,1685,WH2,42
W15M23024Z,50PHXOFF15FSC,1699,WH2,42
W15M23023E,50PHXOFF15FSC,1693,WH2,42
W15M23023L,50PHXOFF15FSC,1687,WH2,42
W15M23022E,50PHXOFF15FSC,1692,WH2,42
W15M23061E,50PHXOFF15FSC,1707,WH2,42
W15M23062E,50PHXOFF15FSC,1718,WH2,42
W15M23062L,50PHXOFF15FSC,1705,WH2,42
W15M23032E,50PHXOFF15FSC,1688,WH2,42
W15M23032L,50PHXOFF15FSC,1681,WH2,42
W15M23031E,50PHXOFF15FSC,1690,WH2,42
W15M23033L,50PHXOFF15FSC,1685,WH2,42
W15M23061Z,50PHXOFF15FSC,1701,WH2,42
W15M22161E,50PHXOFF15FSC,1710,WH2,42
W15M23031Z,50PHXOFF15FSC,1682,WH2,42
W15M23024F,50PHXOFF15FSC,1706,WH2,42
W15M22162E,50PHXOFF15FSC,1714,WH2,42
7F6B22243C,50PENFSC23,2801,WH2,42
7F6B22244G,50PENFSC23,2845,WH2,42
7F6B22242C,50PENFSC23,2805,WH2,42
7F6B22243G,50PENFSC23,2803,WH2,42
7F6B22241E,50PENFSC23,2787,WH2,42
7F6B22172D,50PENFSC23,2807,WH2,42
7F6B22231E,50PENFSC23,2797,WH2,42
7F6B22231G,50PENFSC23,2791,WH2,42
7F6B22173B,50PENFSC23,2819,WH2,42
7F6B22232H,50PENFSC23,2805,WH2,42
7F6B22232A,50PENFSC23,2811,WH2,42
7F6B22233G,50PENFSC23,2811,WH2,42
7F6B22172A,50PENFSC23,2809,WH2,42
7F6B22243A,50PENFSC23,2807,WH2,42
7F6B22243E,50PENFSC23,2803,WH2,42
7F6B22242A,50PENFSC23,2813,WH2,42
7F6B22242E,50PENFSC23,2809,WH2,42
MP7F6B2217339,50PENFSC23,2823,WH2,42
7F6B22173D,50PENFSC23,2819,WH2,42
7F6B22172F,50PENFSC23,2813,WH2,42
7F6B22173G,50PENFSC23,2821,WH2,42
7F6B22231C,50PENFSC23,2793,WH2,42
7F6B22231A,50PENFSC23,2799,WH2,42
7F6B22232C,50PENFSC23,2805,WH2,42
7F6B22232F,50PENFSC23,2809,WH2,42
J17392C,70MCOFF23.50,2894,WH2,42
J17421C,70MCOFF23.50,2883,WH2,42
L23421V,70MCOFF23.50,2817,WH2,42
J17301B,70MCOFF23.50,2885,WH2,42
J17361C,70MCOFF23.50,2887,WH2,42
J17411C,70MCOFF23.50,2890,WH2,42
J17372C,70MCOFF23.50,2873,WH2,42
SW316A0815372,68SOMGLCFSC38,2743,WH2,40
SW316A0815418,68SOMGLCFSC38,2827,WH2,40
SW316A0815458,68SOMGLCFSC38,2791,WH2,40
SW316A0815399,68SOMGLCFSC38,2731,WH2,40
SW316A0815432,68SOMGLCFSC38,2843,WH2,40
SW316A0815318,68SOMGLCFSC38,2809,WH2,40
SW316A0815445,68SOMGLCFSC38,2845,WH2,40
SW316A0814532,68SOMGLCFSC38,2815,WH2,40
SW316A0815358,68SOMGLCFSC38,2769,WH2,40
SW316A0815472,68SOMGLCFSC38,2771,WH2,40
SW396B1814525,68SOMGLCVRSFI18,1323,WH2,39
SW396B1814165,68SOMGLCVRSFI18,1283,WH2,39
SW396B1814171,68SOMGLCVRSFI18,1287,WH2,39
SW396B1814158,68SOMGLCVRSFI18,1296,WH2,39
SW396B1814271,68SOMGLCVRSFI18,1316,WH2,39
SW396B1814226,68SOMGLCVRSFI18,1321,WH2,39
SW396B1814239,68SOMGLCVRSFI18,1307,WH2,39
SW396B1814232,68SOMGLCVRSFI18,1322,WH2,39
SW396B1814561,68SOMGLCVRSFI18,1303,WH2,39
SW396B1814513,68SOMGLCVRSFI18,1316,WH2,39
SW396B1814365,68SOMGLCVRSFI18,1309,WH2,39
SW396B1814371,68SOMGLCVRSFI18,1297,WH2,39
SW396B1814252,68SOMGLCVRSFI18,1299,WH2,39
SW396B1814471,68SOMGLCVRSFI18,1288,WH2,39
SW396B1814352,68SOMGLCVRSFI18,1317,WH2,39
SW396A2025119,68SOMGLCVRSFI18,1308,WH2,39
SW396A2101381,68SOMGLCVRSFI18,1289,WH2,39
SW396A2101399,68SOMGLCVRSFI18,1293,WH2,39
SW396A2101387,68SOMGLCVRSFI18,1288,WH2,39
SW396A2024319,68SOMGLCVRSFI18,1334,WH2,39
SW396A2101401,68SOMGLCVRSFI18,1311,WH2,39
SW396A2101487,68SOMGLCVRSFI18,1298,WH2,39
SW396A2101475,68SOMGLCVRSFI18,1298,WH2,39
SW396A2101481,68SOMGLCVRSFI18,1296,WH2,39
SW396A2101499,68SOMGLCVRSFI18,1303,WH2,39
SW396A2024361,68SOMGLCVRSFI18,1336,WH2,39
SW396A2112513,68SOMGLCVRSFI18,1260,WH2,39
SW396A2112519,68SOMGLCVRSFI18,1274,WH2,39
SW396A2112561,68SOMGLCVRSFI18,1251,WH2,39
SW396A2113119,68SOMGLCVRSFI18,1300,WH2,39
SW396B1814501,68SOMGLCVRSFI18,1301,WH2,39
SW396B1814519,68SOMGLCVRSFI18,1316,WH2,39
SW396B1814532,68SOMGLCVRSFI18,1307,WH2,39
SW396B1814265,68SOMGLCVRSFI18,1290,WH2,39
SW396B1814458,68SOMGLCVRSFI18,1314,WH2,39
SW396B1814258,68SOMGLCVRSFI18,1295,WH2,39
SW396B1814339,68SOMGLCVRSFI18,1323,WH2,39
SW396B1814326,68SOMGLCVRSFI18,1314,WH2,39
SW396B1814358,68SOMGLCVRSFI18,1301,WH2,39
SW396B1814465,68SOMGLCVRSFI18,1303,WH2,39
SW396B1814452,68SOMGLCVRSFI18,1292,WH2,39
SW396B1814332,68SOMGLCVRSFI18,1324,WH2,39
SW396B1814152,68SOMGLCVRSFI18,1309,WH2,39
SW396A2101513,68SOMGLCVRSFI18,1310,WH2,39
SW396A2101501,68SOMGLCVRSFI18,1317,WH2,39
SW396A2025113,68SOMGLCVRSFI18,1307,WH2,39
SW396A2025101,68SOMGLCVRSFI18,1304,WH2,39
SW396A2025161,68SOMGLCVRSFI18,1291,WH2,39
SW396A2101461,68SOMGLCVRSFI18,1295,WH2,39
SW396A2101419,68SOMGLCVRSFI18,1310,WH2,39
SW396A2101413,68SOMGLCVRSFI18,1306,WH2,39
SW396A2026199,68SOMGLCVRSFI18,1300,WH2,39
SW396A2026181,68SOMGLCVRSFI18,1295,WH2,39
SW396A2113419,68SOMGLCVRSFI18,1300,WH2,39
SW396A2113413,68SOMGLCVRSFI18,1245,WH2,39
SW396A2024301,68SOMGLCVRSFI18,1325,WH2,39
SW396A2024313,68SOMGLCVRSFI18,1341,WH2,39
SW396A2112501,68SOMGLCVRSFI18,1263,WH2,39
7F6B22191F,50PENFSC23,2805,WH2,38
7F6B22191D,50PENFSC23,2799,WH2,38
7F6B22191A,50PENFSC23,2803,WH2,38
7F6B22192H,50PENFSC23,2801,WH2,38
7F6B22191G,50PENFSC23,2799,WH2,38
7F6B22244C,50PENFSC23,2847,WH2,38
7F6B22262E,50PENFSC23,2866,WH2,38
7F6B22262C,50PENFSC23,2860,WH2,38
7F6B22193G,50PENFSC23,2807,WH2,38
7F6B22192C,50PENFSC23,2793,WH2,38
7F6B22171G,50PENFSC23,2813,WH2,38
7F6B22194A,50PENFSC23,2803,WH2,38
7F6B22193A,50PENFSC23,2809,WH2,38
7F6B22194G,50PENFSC23,2803,WH2,38
7F6B22193E,50PENFSC23,2811,WH2,38
7F6B22193D,50PENFSC23,2805,WH2,38
7F6B22194D,50PENFSC23,2797,WH2,38
7F6B22172H,50PENFSC23,2811,WH2,38
7F6B22171D,50PENFSC23,2807,WH2,38
7F6B22194F,50PENFSC23,2803,WH2,38
7F6B22171B,50PENFSC23,2811,WH2,38
7F6B22171E,50PENFSC23,2813,WH2,38
7F6B22192A,50PENFSC23,2797,WH2,38
7F6B22192E,50PENFSC23,2799,WH2,38
7F6B22244F,50PENFSC23,2847,WH2,38
7F6B22263D,50PENFSC23,2876,WH2,38
7F6B23033E,50PENFSC23,2888,WH2,38
7F6B22244A,50PENFSC23,2854,WH2,38
7F6B22244F,50PENFSC23,2847,WH2,38
7F6B22183B,50PENFSC23,2833,WH2,38
7F6B22221E,50PENFSC23,2684,WH2,38
7F6B22221Z,50PENFSC23,2664,WH2,38
7F6B23033C,50PENFSC23,2880,WH2,38
SW335M0715139,80OPSDLL28,2205,WH2,38
SW335M0715169,80OPSDLL28,2212,WH2,38
SW335M0717249,80OPSDLL28,2232,WH2,38
SW335M0719200,80OPSDLL28,2238,WH2,38
SW335M0719239,80OPSDLL28,2235,WH2,38
SW335M0717159,80OPSDLL28,2221,WH2,38
SW335M0717120,80OPSDLL28,2219,WH2,38
SW335M0717179,80OPSDLL28,2231,WH2,38
SW335M0715259,80OPSDLL28,2165,WH2,38
SW335M0715129,80OPSDLL28,2198,WH2,38
SW335M0715249,80OPSDLL28,2217,WH2,38
SW335M0719359,80OPSDLL28,2257,WH2,38
SW335M0717139,80OPSDLL28,2219,WH2,38
SW335M0715220,80OPSDLL28,2224,WH2,38
SW335M0719269,80OPSDLL28,2234,WH2,38
SW335M0717100,80OPSDLL28,2227,WH2,38
SW335M0715210,80OPSDLL28,2192,WH2,38
SW335M0720248,80OPSDLL28,2192,WH2,38
SW335M0720168,80OPSDLL28,2200,WH2,38
SW335M0718328,80OPSDLL28,2217,WH2,38
SW335M0720268,80OPSDLL28,2207,WH2,38
SW335M0720258,80OPSDLL28,2205,WH2,38
SW335M0720278,80OPSDLL28,2221,WH2,38
SW335M0720378,80OPSDLL28,2228,WH2,38
SW335M0719369,80OPSDLL28,2261,WH2,38
SW335M0716176,80OPSDLL28,2229,WH2,38
SW335M0720319,80OPSDLL28,2216,WH2,38
S+W335M0720138,80OPSDLL28,2215,WH2,38
SW335M0720119,80OPSDLL28,2205,WH2,38
SW335M0720178,80OPSDLL28,2214,WH2,38
SW335M0718368,80OPSDLL28,2222,WH2,38
SW724B1321351,80OPSDLL28,2361,WH2,38
SW335M0720148,80OPSDLL28,2198,WH2,38
SW335M0720219,80OPSDLL28,2209,WH2,38
SW335M0720238,80OPSDLL28,2215,WH2,38
SW335M0719320,80OPSDLL28,2256,WH2,38
SW335M0719399,80OPSDLL28,2272,WH2,38
SW335M0720128,80OPSDLL28,2194,WH2,38
SW333M0225251,80OPSDLL28,2268,WH2,38
SW724B1321137,80OPSDLL28,2405,WH2,38
SW333M0222106,80OPSDLL28,2266,WH2,38
SW333M0226106,80OPSDLL28,2268,WH2,38
SW724B1322366,80OPSDLL28,2321,WH2,38
SW333M0225151,80OPSDLL28,2179,WH2,38
SW724B1321166,80OPSDLL28,2385,WH2,38
SW724B1324151,80OPSDLL28,2391,WH2,38
SW724B1325137,80OPSDLL28,2397,WH2,38
SW724B1325237,80OPSDLL28,2387,WH2,38
SW724B1325266,80OPSDLL28,2371,WH2,38
SW724B1322337,80OPSDLL28,2329,WH2,38
SW724B1324199,80OPSDLL28,2381,WH2,38
SW724B1325166,80OPSDLL28,2383,WH2,38
7F6B23032E,50PENFSC23,2880,WH2,37
7F6B23031D,50PENFSC23,2829,WH2,37
7F6B23031C,50PENFSC23,2825,WH2,37
7F6B22181E,50PENFSC23,2791,WH2,37
7F6B22254E,50PENFSC23,2739,WH2,37
7F6B22261C,50PENFSC23,2855,WH2,37
7F6B22252B,50PENFSC23,2854,WH2,37
7F6B22252E,50PENFSC23,2858,WH2,37
7F6B22251E,50PENFSC23,2785,WH2,37
7F6B22251B,50PENFSC23,2779,WH2,37
7F6B22213K,50PENFSC23,2674,WH2,37
7F6B22213G,50PENFSC23,2672,WH2,37
7F6B23064F,50PENFSC23,2785,WH2,37
7F6B23064D,50PENFSC23,2775,WH2,37
7F6B23064H,50PENFSC23,2785,WH2,37
7F6B23063C,50PENFSC23,2805,WH2,37
7F6B23063F,50PENFSC23,2809,WH2,37
7F6B23063B,50PENFSC23,2813,WH2,37
7F6B23011G,50PENFSC23,2783,WH2,37
7F6B23064B,50PENFSC23,2777,WH2,37
7F6B22182C,50PENFSC23,2847,WH2,37
7F6B23032C,50PENFSC23,2876,WH2,37
7F6B22212G,50PENFSC23,2644,WH2,37
7F6B22212K,50PENFSC23,2634,WH2,37
7F6B22184E,50PENFSC23,2823,WH2,37
7F6B22184C,50PENFSC23,2819,WH2,37
7F6B22213D,50PENFSC23,2668,WH2,37
7F6B22213H,50PENFSC23,2670,WH2,37
7F6B22253B,50PENFSC23,2793,WH2,37
7F6B22253E,50PENFSC23,2797,WH2,37
7F6B22261D,50PENFSC23,2858,WH2,37
7F6B22254C,50PENFSC23,2737,WH2,37
SW335M0717339,80OPSDLL28,2236,WH2,37
SW335M0715149,80OPSDLL28,2206,WH2,37
SW335M0715120,80OPSDLL28,2209,WH2,37
